sentence,verb,verb_idx,correct_label,prediction
"Based on the number of acres planted in the spring , the Agriculture Department estimated earlier this year that a normal yield of 121 bushels an acre would generate a harvest of 7.3 billion bushels ",plant,6,0,0
"Allen J. Krowe , 56 years old , leaves his job as executive vice president and a director of IBM to fill the positions at Texaco currently held by Richard G. Brinkman , who at 61 , will retire early ",fill,21,0,0
"Mr. Redford has assembled a great collection of faces , especially the geezers who look like they ' ve spent the past half - century drinking the same cup of coffee with the same old pals ",drink,25,0,0
"There were n't any American casualties reported , but a U.S. attack helicopter carrying two crew members was missing ",miss,18,0,0
"Mr. Thunberg of Ried Thunberg said the Fed has '' aggressively '' absorbed reserves over each of the past three days , creating some confusion about its intentions ",absorb,12,0,0
These grants are the public finance equivalent of a lottery for state and local governments that continually fix the odds in their favor of obtaining one ,fix,17,0,0
"Even more inadvertently hilarious is Alexander Godunov , the Soviet defector who used to dance for a living ",dance,14,0,0
"Sometimes your computer partner will land one , the terminal chirping away in an apparent imitation of a drowning bass ",drown,18,0,0
"Unfortunately , they wo n't work in the harbor tunnel where business travelers sometimes get stuck on the way in from the airport . . . ",stick,15,1,1
"MISSED CONNECTIONS : If you 're bound for Denver but get stuck in Detroit for the night because of a missed connection , do n't expect the airline to help ",stick,11,1,1
"In a letter sent yesterday to the German media , the terrorist group said Mr. Tietmeyer , who was unharmed in the attack , has been targeted because of his central role in sustaining the world 's '' imperialist '' financial system ",target,26,0,0
"In addition to the requirement of a warrant , the court 's ruling also struck down the department 's drug - testing program on the ground that the tests themselves do n't reliably measure intoxication at a particular time before their administration ",strike,14,0,0
Mr. Bush attacked the Massachusetts governor for vetoing a bill to require school teachers to lead pupils in the pledge of allegiance and for Massachusetts ' prisoner - furlough program ,attack,2,0,0
"Citibank has examined several Texas banks , but thus far has decided that it did n't have enough confidence in the short - term Texas outlook to take the plunge ",examine,2,0,0
"'' Back when I was his age , '' says oldtimer Mr. Van Cleve , pointing to a 13-year - old boy at his lunch table in Uvalde , '' I remember it rained once . '",rain,33,0,0
It also vindicates Pratt 's efforts to fix problems in customer service that contributed to its loss of dominance in the commercial jet engine field to General Electric Co ,fix,7,1,1
'' Moscow has been 80 % destroyed because Communists do n't like Russia . ',destroy,6,0,0
"A surprisingly strong October employment report , implying that the economy is n't cooling off as fast as many investors had hoped , could force a sharp retreat in stock prices today , he said ",cool,13,1,1
"One look at her pudgy face , shot to make her seem like a powder - brained Kewpie doll , vaporizes whatever credibility Jamie 's anguish might have had ",vaporize,20,1,1
Next to it the firm planted a sign : '' Little things like this will never come between us . ',plant,5,0,0
"Still , the administration proposal is perceived as part of a broader rethinking about venture capital targeted explicitly at minority businesses ",target,16,0,0
"Before midnight , it had targeted the National Aeronautics and Space Administration Ames Research Center in California 's Silicon Valley , as well as the University of Pittsburgh and the Los Alamos National Laboratory in New Mexico ",target,5,0,0
"Weeks later , '' Penthouse finally realized that Dominion was intentionally destroying the deal , '' sought other financing , failed , and had to abandon the project , the judge said ",destroy,11,1,1
"Field stone , generally rounder , is hard to come by because much is already in old stone walls , and few farmers are plowing new fields ",plow,24,0,0
It recently sued a small local factory that was knocking off its knock - off with a game called Entrepreneurs ,knock,9,1,1
"At about the same time , according to senior Hutton officials , Mr. Fomon was drinking heavily , though he says that alcohol never affected his ability to do his job ",drink,15,0,0
"His brother Woody , who 's worth $ 100 million , is a grotesque 250-pound alcoholic moron who spends his time watching Arnold Schwarzenegger movies , eating peanuts , and floating stark naked on a rubber raft in his indoor swimming pool listening to favorites from '' My Fair Lady . '' -LRB- He also has raped and assaulted a showgirl . -RRB-/-R",eat,26,0,0
It poured into the vacuum created by the collapse of a Keynesian mainstream that had no explanation for simultaneous stagnation and inflation ,pour,1,1,1
"The report cooled bullish sentiment brought about by a smaller Brazilian crop this year , analysts said ",cool,2,1,1
The stock has risen more than 17 % in less than two weeks on stepped up volume ,step,14,1,1
"But this month S & P is trying to take the real estate world by storm , with a marketing campaign targeting 200 , 000 real estate brokers , appraisers and portfolio managers ",target,21,0,0
"Much is made of Mr. Hoxsey 's assertion that his files were open to doubters , but only a few brief seconds are devoted to the fact that when the files were examined they were found to be so incomplete that it was impossible to tell whether the '' cured '' patients actually had had cancer or whether conventional treatment had been effective ",examine,32,0,0
"It is to correct for such gaps in market operations -LRB- or '' externalities , '' as economists call them -RRB- that governments have a responsibility to step in and lend a helping hand ",lend,30,1,1
The military said three soldiers also were killed when about 300 rebels attempted to overrun a 30-man government outpost ,kill,7,0,0
But Madison Avenue 's interest in Mr. Tyson is cooling because of the barrage of negative publicity about an alleged suicide attempt and his stormy marriage to actress Robin Givens ,cool,9,1,1
"After years of being out of work and on welfare , many of the unemployed now lack the ability or initiative to fill openings ",fill,22,1,1
"She 's been able to stick to this policy , largely because of the nature of her music ",stick,5,1,1
The new Johnnie Walker pitch has attractive young women gushing about the wonderful young men in their lives who drink Johnnie Walker ,drink,19,0,0
Anyone who spends a few hours reading his speeches and talking to Democrats familiar with his views learns quickly that Mr. Dukakis has absorbed many of the dovish obsessions of his party 's left ,absorb,23,0,0
They also became a major element in the more - than - doubling of the Nikkei average in the two years to last October because of the huge amount of money they pumped into the market ,pump,32,1,1
"Some say interest rates may have to rise further to cool domestic demand , while others say the problem is more deep - rooted and requires greater investment by United Kingdom industry ",cool,10,1,1
"By 9 a.m . , the cadets are off to class , batlike figures in dark , flowing rain capes , black briefcases clutched with precision in their left hands ",flow,17,1,1
Old clothes are often destroyed and new ones donned ; indoctrination is given in social mores and religious beliefs ,destroy,4,0,0
"If the New Orleans Public Service unit misses payment of four consecutive dividends , preferred holders could take control of the company ",miss,7,0,0
"What seems to escape him is that the central value of the free market is that it is inextricably intertwined with human freedom , both spiritually and materially ",escape,3,0,0
"There 's that damn ball of the Renthals that Laurence insists I not miss , and the Todesco wedding , and the final gala for the ballet where I ' m the chairperson ",miss,13,0,0
"He says it was the Koreans who grabbed the knife , wielded the fabric softener like a club , and , what 's more , beat up Ms. Clark 's 67-year - old mother , Ivy King , who was standing nearby , for no good reason except that she is black ",grab,7,0,0
"The company said in mid - June that about 2 , 000 workers were striking six distribution centers in a dispute over wages and benefits ",strike,14,0,0
"Most of these losses must be absorbed by the FSLIC , the industry 's insurer , analysts said ",absorb,6,0,0
"The Soviet Union is unwilling and unlikely to miss the deadline for withdrawing all its troops from Afghanistan , despite its latest blustering and military maneuvering there , Western and Soviet officials indicated ",miss,8,1,1
"Exhausted by my efforts , I paused a moment in a shell - hole ; in a few seconds I felt myself sinking , and struggle as I might I was sucked down until I was firmly gripped round the waist and still being dragged in ",drag,44,0,0
"'' I found myself sleeping out on the steps in boot camp , '' he recalls ",sleep,4,1,1
"When the U.S. expanded its gulf fleet a year ago to protect Kuwaiti tankers flying the U.S. flag , it left little doubt that it was siding with Iraq and the other Arab nations against Iran ",fly,14,0,0
"Its load factor , or percentage of seats filled , rose to 47.4 % from 41.8 % ",fill,8,0,0
"It rained hard Saturday night along the Gulf Coast , and on Sunday morning the infield at McKechnie Field here was so wet that grounds crewmen were using plastic bottles to scoop up the standing water ",rain,1,0,0
"Last month , Thiokol said it settled the last suit with the estates of the seven crew members killed in the Challenger ",kill,18,1,1
Incumbent Spyros Kyprianou was knocked out in voting last week ,knock,4,1,1
"Another writer goes to Bulgaria , eats bad food , stays at a bad hotel whose name he translates as Rathole Fleabag , and generally has a terrible time ",eat,6,0,0
"About US $ 75 million of the debt is owed to the Brunei government , with the remainder due more than 30 international banks that lent the then Khoo - owned National Bank money before it was seized and closed by Brunei in November 1986 ",lend,25,0,0
Most historians of the Tulipmania were so intent on demonstrating the follies of speculative markets and thereby providing a case for controlling market activities that they neglected to examine the market fundamentals of bulb pricing ,examine,28,0,0
The CDC report did not deal with the so - called '' good cholesterol '' -- the high - density form of lipoprotein that gathers up cholesterol in the body and carries it to be destroyed ,destroy,35,0,0
"Those progressive cities now building or planning transit systems for the next century are not viewing the scene from an ivory tower but realize , in a practical sense , that better transit is vital not only for the millions of Americans who currently step onto a transit bus or train over 8.3 billion times each year , but also to their future citizens as well ",step,44,1,1
Seagram must decide by Feb. 9 whether to come up with a higher offer that would knock Grand Met out of the bidding war and frustrate its expansion strategy ,knock,16,1,1
"'' You could change husbands , but not the situation , '' she thinks as she examines snack foods ",examine,16,0,0
Charity officials say they need trustees who are willing to roll up their sleeves and work for the organization and who will back up their commitment with donations ,roll,10,1,1
"This provides greatly enhanced trouble - shooting capabilities when something does go wrong , and can even be used to automatically switch in a good spare card if something does die ",die,30,1,1
"The Federal Home Loan Bank Board , as expected , adopted a resolution intended to reassure Wall Street firms that have lent about $ 12.6 billion to the thrift unit of troubled Financial Corp. of America ",lend,21,0,0
"THE DC-10 ROSE from a runway at Chicago 's O'Hare Airport , slowly rolled over onto its back and hit the ground , killing everyone aboard ",roll,13,0,0
"The Japanese carrier was shaken in 1985 by a crash of a JAL Boeing 747 that killed 520 people , the worst single - aircraft accident in aviation history , and safety is a central issue in JAL 's current negotiations with several unions ",kill,16,1,1
"Schieffelin & Somerset Co. is beginning a boldly different , big - budget advertising campaign that it hopes will persuade more baby boomers to drink its Johnnie Walker Scotch whisky brands ",drink,24,0,0
"John Gil , a San Diego landlord , and Mike Black , an apartment manager , were sued in state Superior Court in San Diego by a tenant who was assaulted by a pet monkey owned by two other renters ",assault,30,0,0
"It is '' Hotlanta '' : capital city of the South at a time when the South has risen ; city of myriad services at a time when the service economy rules ; city of the 1980s , more suburban than downtown , more footloose than fixed ",fix,46,1,1
Knight - Ridder stumbled in one past push into information services ,stumble,3,0,0
"In Louisiana , CIT was stuck with repossessed ships that had supplied drilling platforms in the Gulf of Mexico ",stick,5,1,1
"Nearly every local union either voted to strike or planned to since the Acustar issue flared up , and while most of those possible walkouts will likely never take place , about three plants are still seriously pursuing grievances , a union official said ",strike,7,0,0
"Pitching a baseball , it was agreed , is akin to striking a golf ball in that it is a complex act that only looks simple ",strike,11,0,0
"Orion , a contract carrier which formerly flew for United Parcel Service , had agreed to replace Eastern pilots if they followed the machinists on a walkout ",fly,7,1,1
"But if all sides discover self - interest in moving toward effective control of the toxics problem , instead of sticking grimly to their familiar trenches , the results will be as remarkable as the law itself ",stick,20,1,1
Real power still rests with Pretoria just as it does with Jerusalem ,rest,3,1,1
"They destroyed 450 , 000 acres of sugar beets and other crops ",destroy,1,0,0
"For the most part the events flow swiftly , from the decision by the gamblers to bribe the players , to the players ' decision to accept the bribe , to the games , to the newspaper expose , to the trial ",flow,6,0,0
"Every time it rained , the family placed cups and bowls all over the house to catch the leaks ",rain,3,1,1
"Ravin Caldwell , an obscure rookie special - teams player from Arkansas , finally grasped it , probably saving his team 's bacon ",grasp,14,0,0
"Labor unions , too , attack the underground economy ",attack,5,0,0
"And Mr. McGegan , who does n't mince words when he dislikes something or someone -LRB- he called the countertenor in his recent Long Beach production '' awful '' -RRB- , said he was knocked out by Mr. Davies 's strangely articulated yet strikingly clear conducting of Beethoven 's '' Eroica '' Symphony ",knock,34,1,1
"In one spectacular 508-point swan dive Oct. 19 , the industrial average crashed back to the level it first surpassed in March 1986 , vaporizing the stunning advances of the intervening months -- along with many investors ' paper profits ",vaporize,24,0,0
"London share prices finished a bumpy session little changed Monday , after the market stumbled on news of an unexpected rise in U.K. interest rates ",stumble,14,1,1
"Japanese , West German , Taiwanese and other foreign machine tool builders grabbed business away from U.S. machine builders , both in the U.S. and abroad ",grab,12,0,0
A revenue passenger mile is one paying passenger flown one mile ,fly,8,0,0
"Mr. Cossa 's grain bin may be filling up , but just last month another 100 peasants -- looking for food and security -- moved into the village to escape the fighting in the countryside ",escape,29,0,0
"He disputes the longheld theory that the Great Pyramids were made of limestone blocks cut , dragged long distances , and hoisted into place , arguing that they were made by pouring long - lasting cement ",drag,16,0,0
It may help explain why insider trading could have flourished unchecked for so long on Wall Street ,flourish,9,0,0
"From the 14th century to Corregidor in 1942 , such forts had to be taken by storm before attacking ships could pass ",attack,18,0,0
"The Peloponnesian War , that devastating conflict between Sparta and Athens that broke out in 431 B.C. and dragged on until 404 B.C . , has long been regarded as the turning point in the career of the Athenian experiment in democracy ",drag,18,1,1
It is targeted at space testing of SDI technologies ,target,2,0,0
"The spokesman said , however , that the plane was transmitting an identifying signal usually associated with civilian aircraft when a U.S. cruiser fired two missiles and killed all 290 aboard ",kill,27,1,1
"Yet when ordered to dance by his master , he gamely sprinkles a little sand on the ground and shuffles through a series of rapid dance steps ending in a pathetic little pawing motion that symbolizes his entrapment ",dance,4,0,0
Mr. Tennyson said it 's unfair that foreign cigarette manufacturers who advertise through U.S. magazines will escape the ban ,escape,16,1,1
"He added : '' There is so much space out there that people are making deals at good prices , absorbing space ",absorb,20,0,0
It just eats your soul . ',eat,2,1,1
Other people love Acapulco -- and do n't miss Frank Sinatra ,miss,8,0,0
"Terry Knowles , special agent in charge of the Sacramento FBI office , declined to say why California was targeted or provide other details ",target,19,0,0
"'' We encourage our people as much as we can to fly on United Airlines and eat Kellogg cereals , '' says Jack Ryan , executive vice president of Leo Burnett Co . , which also handles advertising for GM 's Oldsmobile division ",eat,16,0,0
"Colombia signed a $ 1 billion loan with 112 of its bank creditors , showing that banks still are willing to lend to the more - creditworthy Latin American countries ",lend,21,0,0
"Under the pact , Ashland will treat the contaminated soil , and it will pump and treat ground water to meet drinking - water standards , among other things ",pump,14,0,0
"Peter Lynch , who runs Fidelity Investments ' mammoth Magellan Fund , said the recent performance of the big funds , which stumbled badly late last year , should shoot down the theory that they are '' over the hill . '",stumble,22,0,0
The rest would go to more than 30 international banks that lent the National Bank money before it was seized and closed by Brunei in November 1986 ,lend,11,0,0
"Like tiny beacons at night , alligators ' eyes reflect a brilliant red when struck by a beam of light ",strike,14,0,0
But critics say too much competition is emerging in the business for the tiny population targeted ,target,15,0,0
Some are trying to escape childhoods troubled by missing fathers or drug - addicted mothers ,escape,4,0,0
The study also showed that different organisms ' stress proteins are chemically similar - raising the possibility that vaccines made with the proteins might prime immune cells to target many disease - causing organisms ,target,28,1,1
Mr. Davis says he has been flooded with requests for berths on future flights since announcing the October launch ,flood,6,1,1
Mr. Andrews ate rancid mutton fat and drank mare 's milk in the Gobi with the best and worst of them ,drink,1,0,0
Part of the drop was attributed to the lessening severity of Hurricane Gilbert and expectations it would miss major U.S. oil facilities ,miss,17,0,0
"It is to correct for such gaps in market operations -LRB- or '' externalities , '' as economists call them -RRB- that governments have a responsibility to step in and lend a helping hand ",step,27,1,1
"His inadequacy , vacillation and -LRB- a favorite -RRB- '' imbecility '' were widely condemned , along with his intellect , or lack of it : '' You can not . .. fill his . .. empty skull with brains . '",fill,32,1,1
"Eastern Airlines Inc. is stepping up its marketing war in the busy , competitive Northeast shuttle - service market , offering discounts of as much as 30 % for passengers buying tickets in bulk ",step,4,1,1
"In seats of supple leather , Belgian students drink wine and listen to personal stereos ",drink,8,0,0
"'' I was so happy that I practically danced back into the house , '' Mr. Popejoy says ",dance,8,0,0
The clearance came as a notary approved Ferruzzi 's plan to absorb Iniziativa Me . T.A ,absorb,11,1,1
The debate for the rematch was so withering that Nissan Motor Co. used a news clip of Mr. Tucker 's criticisms in its bid to keep the UAW out of its Tennessee plant ,wither,7,0,0
"The generally accepted reason for the softening of TPA sales is that wholesalers filled their distribution pipeline , and hospital usage now is coming out of wholesalers ' stocks of the drug -- not new sales , Ms. Behrens said ",fill,13,1,1
"The only thing certain is that a Korean merchant wholly dependent on the good will of his customers would be crazy to attack a black grandmother in a virtually all - black neighborhood -- and Mr. Chung , who cleaned fish for three years to scrape together the money to buy his market , seems anything but crazy ",attack,22,0,0
"The media have given him a ticket to ride , but they 're unlikely to leave him in the driver 's seat for long ",ride,8,0,0
"And if occupancy ran low , the administrator would just let the doctors know and the beds would fill up ",fill,18,0,0
But he grasped the potential of putting the two together ,grasp,2,1,1
"He did n't stick around to explain why , but the Soviet vaulters later complained of tricky winds , and Bubka blamed them for his passing on the 20-foot barrier ",stick,3,1,1
"Making the Paris - Dakar rally less perilous , Mr. Sabine says , might kill it ",kill,14,1,1
"First Federal was then to absorb several other troubled thrifts in federally assisted mergers , as part of the Federal Savings and Loan Insurance Corp. 's so - called Southwest Plan to rescue the many ailing savings and loans based in the region ",absorb,5,0,0
"He said these proposals '' ought always to be listened to with great precaution , and ought never to be adopted till after having been long and carefully examined , not only with the most scrupulous , but with the most suspicious attention ",examine,28,0,0
"The funds rate , which is the rate on reserves that banks lend each other overnight , strongly influences many other rates , including those that dealers must pay to finance their bond holdings ",lend,12,0,0
And they die anyway . ',die,2,0,0
"Virginia Belden , who sells vacuum cleaners and sewing machines at the Towne East store , however , frets that some shoppers might miss the thrill of getting a bargain ",miss,23,0,0
An earthquake that shook Los Angeles in October knocked out computer equipment at California Federal Savings and Loan Association ,knock,8,1,1
"The EPA 's current emission standard for radium is five picocuries per liter , a standard that corresponds to a risk whereby one of 10 , 000 people exposed to such an emission level over a lifetime would die ",die,38,0,0
"In June 1986 , the Department of Correction announced that killer William Horton had escaped while on a weekend off from prison -- his 10th furlough ",escape,14,0,0
"The federal judge , while backing the pill last week , has left open the possibility he might strike it down at a later date under different conditions ",strike,18,0,0
"Prompted by news reports of alleged misappropriation of funds , the SEC visited the firm 's New York headquarters last week with the intention of examining business records ",examine,25,0,0
"These Protestants retaliate by physically attacking Catholics , Mr. Donnelly says ",attack,5,0,0
"However , there is no targeting to areas where soil erosion affects watersheds ",target,5,0,0
Phalanx can be overwhelmed when a ship is attacked by several missiles at once -LRB- the Stark was struck by two Exocets -RRB- ,attack,8,0,0
But there were stumbling blocks from the start ,stumble,3,1,1
"Few things give him more satisfaction now , it seems , than the hundreds of roses , fruit trees and berry bushes the 57-year - old Mr. Lance and a grandson have planted together ",plant,32,0,0
"Federated 's board , following an all - day meeting yesterday , is expected to direct its financial advisers to examine alternatives to the Campeau bid , the sources said ",examine,20,0,0
"By hitching a ride on these proteins , drugs can be very narrowly targeted to attack diseased cells , Mr. McCamant says ",attack,15,0,0
"He notes that Iraq defused American anger last year by offering to pay damages after an Iraqi jet fighter mistakenly fired at the frigate USS Stark , killing 37 seamen ",kill,27,0,0
"'' I do n't think we could carry Iowa even if it rains every day , '' says Washington GOP consultant Eddie Mahe , who stayed out of the GOP nomination contest but will work for Mr. Bush this fall ",rain,12,0,0
"The insurance industry , facing mounting competition on several fronts , is undergoing a personnel and cost retrenchment such as those that have struck the securities and banking industries ",strike,23,1,1
But I think it would be wise for all Americans to remember that the British were ruthless colonial masters wherever the Union Jack flew . -LRB- We fought the Revolutionary War over the issue . -RRB-/-R,fly,23,0,0
"And so long as one - third of the black population is mired in poverty , blacks will not hear of dismantling programs that enabled so many within their ranks to escape poverty in the first place ",escape,31,0,0
"Nikko 's Mr. Axilrod predicts the central bank will try to hold the interest rate on federal funds -- the closely watched rate on reserves that banks lend each other overnight -- at about 6 1 2 % , down from the 6 3 4 % rate in recent weeks ",lend,27,0,0
"To fill these growing gaps , Congress increasingly has turned to employers to expand coverage to even more employees and non - employees ",fill,1,0,0
"Currently , if they do n't plant an allotted percentage of their so - called crop base with subsidized crops , the government penalizes them the next year by reducing the size of their base , thus cutting their subsidy payments ",plant,6,0,0
"Among those who drink alcoholic beverages world - wide , 8 % consume daily amounts that are damaging to their health and to society ",drink,3,0,0
"So far , two participants have died , a child has apparently been struck and killed , two racers have received paralyzing injuries and close to 30 more have been seriously hurt ",strike,13,0,0
He stumbled on a new act while attending a tent revival in Oklahoma in 1968 ,stumble,1,1,1
At that level the department could permit farmers in the government program to plant on more land ,plant,13,0,0
"At state dinners , the president pours wine for his guests , but in adherence to Islam never touches a drop himself ",touch,18,1,1
"The music was really flowing , finally ",flow,4,1,1
"Bush and Dukakis should be asked to clarify where they stand on this important distinction , for it 's clear that the real work of fixing the schools will fall to local politicians and school boards ",fix,25,1,1
"In a statement , Mr. Kennedy announced that the raise would '' fix '' the promise of a living wage made 50 years ago when the minimum wage was created -- a promise he says was broken by the Reagan administration ",fix,12,1,1
But he said Cigna 's after - tax gain wo n't be material because the company will absorb certain deferred taxes of the division ,absorb,17,0,0
"Mr. Questrom 's appointment comes two months after he stepped down as vice chairman of Federated Department Stores , following its takeover by Campeau Corp. Acclaimed by analysts , Mr. Questrom is lauded for the revival of two ailing Federated divisions : Rich 's Department Stores in Atlanta and Bullock 's Bullock 's Wilshire in Los Angeles ",step,9,1,1
"Out - of - home entertainment -- such as films , sporting events , eating out , dancing , theater , shopping and amusement parks -- was a leisure - time activity for 43 % of respondents . -LRB- The survey included multiple responses . -RRB-/-R",eat,14,1,1
"As in 1913 , private capital flows among the principal industrial economies are now huge relative to official reserves and to the underlying flow of commodity trade ",flow,23,1,1
"The article cited by many traders for kicking off Monday 's rally appeared in the Sunday Times of London and was written by Goldman Sachs 's London - based chief international economist , David Morrison , an influential exchange - rate forecaster ",kick,7,1,1
Most - Remarkable Injury -- Angels outfielder Chili Davis dislocated a toe when he kicked a chair after popping out in a June 26 home game against Milwaukee ,kick,14,0,0
"But after several months of talks with each other and with clients , their ardor has cooled considerably ",cool,16,1,1
'' It seemed to me an enormously powerful tool if you could knock out a gene responsible for a virus or cancer . ',knock,12,1,1
"Many American firms are stumbling badly , and most of their problems appear to stem from their mistaken assumption that what works at home will work in Britain ",stumble,4,0,0
"They appear in the internecine killing between different mafia groups , and the killing of judges , journalists , police and government leaders opposed to the drug traffic ",kill,5,0,0
"Iran said its jets bombarded an Iraqi military base and oil refinery in Baghdad , and Iraq said its forces attacked 10 Iranian towns ",attack,20,0,0
"Already , he has changed the French political landscape in a way that may be more long - lasting than the Reagan Revolution in the U.S. Building the Socialist Party from scratch in 1971 , Mr. Mitterrand went on to prove that a leftist could get elected without France 's flying apart ",fly,50,1,1
The finding of the crack could prompt a re - examination of the struts on the rockets used for Discovery to ensure that cracks have n't been missed there ,miss,27,0,0
Another major Japanese concern is that any mold that slips throught U.S. screening procedures would flourish during the long passage to Japan ,flourish,15,0,0
His native caution strikes a responsive chord with the average German ,strike,3,0,0
'' That would have an impact on aid flowing to El Salvador . ',flow,8,1,1
"Data rooms opened this week , and for each of the eight packages , at least 10 companies plan to examine the information , Mr. Ketelsen said ",examine,20,0,0
Mr. Brooks tape - recorded one of the men present at the meeting saying that he believes Indians ritualistically kill and mutilate one another ,kill,19,1,1
"Nothing Like the Sun '' left you relatively cool , you wo n't want to miss these concerts featuring the former Police chief and his hot new band ",miss,15,0,0
"News of Mr. Bilzerian 's filing , under the Hart - Scott - Rodino Antitrust Act , knocked FlightSafety 's stock up $ 2.25 a share yesterday to close at $ 26.75 in New York Stock Exchange composite trading ",knock,17,0,0
But that bid withered after the Oct. 19 stock market crash ,wither,3,0,0
The good times for the Rev. Jesse Jackson may roll on -- and neither his rivals for the Democratic presidential nomination nor other party heavyweights have the temerity to try to break up the celebration ,roll,9,1,1
"An estimated 18 , 100 Americans will die from it this year , making the disease the fifth - greatest cause of cancer deaths ",die,7,0,0
Salsa and rap music pour out of the windows ,pour,4,1,1
"While manned launches , such as that of the space shuttle last week , still grab occasional headlines , industry observers are focusing more and more on the moves of trade negotiators ",grab,15,1,1
"Their ambassador , Oleg Sokolov , speaks fluent English , goes to prayer breakfasts with President Corazon Aquino , and gives smooth interviews to the Philippine press in which he urges the country to kick out the Americans and get friendlier with Moscow ",kick,34,1,1
"'' We are very pleased to put this issue to rest , '' Mr. Fish said ",rest,10,1,1
But Sen. Quayle stumbled twice during the day trying to explain his decision to enter the National Guard in 1969 during the Vietnam War ,stumble,3,0,0
"Still , market participants say the firmer U.S. interest rates will lend support to the dollar if tomorrow 's report shows that the trade gap widened in June ",lend,11,1,1
"He said incinerator temperatures of as much as 1 , 000 degrees Celsius are enough to destroy the mineral ",destroy,16,0,0
"With the Pledge , the furlough program and the ACLU , they pumped some genuine voter concerns into the election ",pump,12,1,1
"Then again , other gases might cause a lot of clouds to form , blocking sunlight and cooling things off ",cool,17,0,0
Or marvelously grisly -LRB- like Trotsky careening around with his assassin 's pickax stuck in his head ; or the male hustler brutally bludgeoning Latin heartthrob Ramon Novarro -RRB- ,stick,13,0,0
"DEAN WITTER : '' I ' m not looking to knock the cover off the ball , '' says Manny Korman , Dean Witter Reynolds Inc. 's research director , '' because I ' m unwilling to accept the risk that would entail . '",knock,10,1,1
Friends say a 1975 auto crash that killed his wife and two children pushed Mr. Kiley deeper into his work and seared new priorities into his management approach ,kill,7,1,1
Mr. Paulson also flew over China ,fly,3,0,0
We begged his mother for months to let us take him into Nha Trang and have it fixed ,fix,17,0,0
"Public anger reached its zenith April 30 , 1982 , when angry mobs stopped three taxis bearing margis , dragged them from their cars , bludgeoned and poured acid on them and finally burned them to death ",drag,19,1,1
A countywide sewage - treatment plant recently began operations here ; the smell in a nearby neighborhood is so awful that one teen - age girl says she ca n't eat at home ,eat,30,0,0
'' Does somebody have to get hurt -- or killed ? ',kill,9,1,1
"Most of the banks specifically have targeted marketing campaigns at profitable small companies . -LRB- Separately , Dai - Ichi Kangyo said it will name Ichiro Nakamura , now a vice president , as chairman , succeeding Tetsuya Fujimori ",target,6,0,0
'' I have long suspected that more people are sleeping apart because of snoring than are sleeping together for all other reasons combined . ',sleep,16,0,0
"The size of a Dalmatiner , these horses were ridden by teen - age boys dressed up as Valkyries to give an illusion of distance in the first production of the '' Ring . '",ride,9,0,0
"Since then , Mr. Cahouet has filled nearly every major spot in Mellon 's upper management with executives from New York and West Coast banking centers ",fill,6,0,0
"'' Nothing less than targeted , mandated reductions in acid - rain emissions in the U.S . '' will satisfy Canada , Mr. Mulroney said in his prepared remarks ",target,4,0,0
"Two executive vice presidents resigned from First Chicago Corp. to take other jobs , and the banking concern shifted some officers to fill the vacancies ",fill,22,0,0
"Spring potatoes have been planted on 81 , 900 acres , down 1 % from last year but up 6 % from two years ago ",plant,4,0,0
"Lots of people ride bicycles , joggers are out in fair numbers , and the last time I passed a tennis complex , all the courts were full ",ride,3,0,0
The idea of having one child has struck a deeper root and less people are punished for violating the birth control plan . . . ,strike,7,1,1
"More competition is on the way ; International Business Machines Corp. is expected to roll out a laptop soon to replace its PC Convertible , a near - total failure in the market ",roll,14,1,1
"Since 1977 , fund manager Peter Lynch has stuck to the same basic strategy : buy any attractive stock , no matter what size or sector , or what the market is doing ",stick,8,1,1
"In retelling the story of Freud 's life and work , Peter Gay plows a furrow already dug deep by many previous Freud biographers and historians of psychoanalysis ",plow,13,0,0
"Of course , none or only some of the rules apply to Utah 's private clubs -LRB- open to out - of - towners at a $ 5 fee -RRB- and beer bars , which sell setups and uncork wine but ca n't touch the liquor that you are free to bring in ",touch,43,0,0
"British farmers flourish under the EC 's Common Agriculture Policy , and its food companies have grown to global giants , in part because of EC markets ",flourish,2,0,0
"The solvent failed to dissolve non - cholesterol gallstones in two patients , however ",dissolve,4,0,0
Israeli warplanes destroyed a PLO base in a Druse - held hilltop above Beirut in Israel 's deepest air raid into Lebanon this year ,destroy,2,0,0
"And when Mr. Chirac did get an opponent , he attacked the Francois Mitterrand of 1981 , not the one of 1988 ",attack,10,0,0
"And everywhere Mr. Bush traveled last week , reporters demanded to know if the vice president believes Attorney General Edwin Meese should step down ",step,22,1,1
"If dry weather cuts normal production by just three bushels an acre , the nation 's soybean stockpiles could evaporate by next year , says Richard Loewy , senior grain and oilseed analyst at Prudential - Bache Securities Inc ",evaporate,19,0,0
"While the chief contracting officer in the cruise - missile office , Mr. Parkin in 1982 helped Mr. Galvin get a $ 225 , 964 contract to study the targeting equipment for the Tomahawk missile , according to the Navy and Mr. Parkin ",target,29,0,0
"France 's Socialist government resurrected the previous government 's plan to pump 12 billion francs -LRB- $ 1.88 billion -RRB- into state - owned auto maker Regie Nationale des Usines Renault , a move that may raise hackles in the European Community ",pump,11,1,1
"In the following decade , the Federal Reserve flooded the banks with reserves , providing the raw material for BankAmerica 's profligate lending policies while also creating a spiraling inflation ",flood,8,1,1
"'' This is the kind of junk we ca n't even melt into other garbage , '' says a major coin wholesaler who asked to remain anonymous because he has sold other coins under the auspices of the Marshall Islands ",melt,11,0,0
"The difference : An ever wealthier South Korea can imagine absorbing the poorer , less - populated Communist North , but Taiwan , no matter how rich , would be swallowed whole by the massive Chinese mainland ",absorb,10,0,0
Mr. Tyson has denied that he tried to kill himself and that he assaulted his wife ,assault,13,0,0
Wordsworth called him the '' marvellous boy '' and the phrase stuck in literary memory like a Homeric tag line ,stick,11,1,1
"Mr. Reagan 's speech was designed to kick off a triumphant final year in office , but a new poll suggests that his standing in public opinion has n't recovered from the dive it took after the disclosure of the Iran - Contra affair ",kick,7,1,1
Judges often ca n't review voluminous fee applications as they pour in ,pour,10,1,1
"Even then , however , Australia 's new 49 % tax rate kicked in at an even lower income level than the old 60 % top rate did -- only 30 % above average yearly earnings ",kick,12,1,1
And Jackson adviser Roger Wilkins warned that '' trust and loyalty are bound to wither '' if the lines of communication between the two camps are not kept open ,wither,14,0,0
"The pas de deux danced the past week by Secretary of State Shultz and Senator Sam Nunn has been dreadful political ballet , with the Reagan administration discovering what happens when you choose to dance with your political enemies ",dance,34,0,0
"Though riding the luge is a fairly dangerous sport , the scariest moment for the Philippines ' Mr. Ocampo came a week before the Olympics when his credentials to participate were temporarily blocked by Philippine bureaucrats ",ride,1,0,0
"'' He likes to live dangerously , '' says Patrick Minford , a University of Liverpool economist who wants Mr. Lawson to return to exact targeting of money - supply growth ",target,25,1,1
And the court rejected the attempt to foster patriotism through compulsion as an insult to the American tradition : '' To believe that patriotism will not flourish if patriotic ceremonies are voluntary and spontaneous instead of a compulsory routine is to make an unflattering estimate of the appeal of our institutions to free minds . ',flourish,26,1,1
Macmillan advisers said the company plans to stick with its proposal ,stick,7,1,1
"Who could have guessed that the expansion would be rolling relentlessly through a sixth straight year , with no end in sight ",roll,9,1,1
"Sears shares escaped with little damage , falling just 1 8 to 34 1 2 in active trading ",escape,2,0,0
"E.F. HUTTON & CO . : Now in the process of being absorbed by Shearson Lehman Brothers , Hutton does n't seem to have picked stocks as well as Shearson did ",absorb,12,0,0
But a source close to Black & Decker acknowledged that the company had received the information from American Standard and said that the company 's representatives will meet with American Standard officials this afternoon to examine nonpublic information ,examine,35,0,0
"'' I tried to move and talk but that was impossible , '' recalled an Australian boy in 1973 , after he fell ill from eating puffer fish ",eat,25,0,0
"In Mr. Kupfer 's '' Ring , '' a nuclear war has melted most of the world and made shopping difficult ",melt,12,1,1
It really is a shame the famous old astrologer and Reagan friend Carroll Righter died last week and missed all this ,miss,18,0,0
"The company had a $ 14.24 billion working capital surplus at year end , but $ 13.98 billion of that came from money lent by GMAC to the parent , which took over financing of wholesale sales to dealers ",lend,23,0,0
The outlook for the Peruvian miners strike remained cloudy ,strike,6,0,0
"'' Of course , the bondholders will have to ask : Is dissolving the company better than reorganization ? '",dissolve,12,1,1
"Domestic private consumption has been eating up about $ 3 billion or more a year , even during the war ",eat,5,1,1
Who will now step into this maw is a question the company does n't have much time to puzzle over ,step,3,1,1
"From the answer to the Vietnam issue , should it ever be conclusively decided , will flow the prevailing view of America 's world role ",flow,16,0,0
The kinky Keynesians who devised it will be lucky to escape across the Potomac with their pie charts ,escape,10,0,0
"It 's little wonder , then , that Susan has taken to escaping into the company of her delightfully charming , exceedingly attractive , immensely rich fantasy family : an adoring husband , a devoted daughter and a frothy younger brother whose only occupation in life is to pour yet another round of champagne -- '' champers , '' as he prefers to call it -- for the four of them ",pour,48,1,1
"Jordan , with a flagging economy and a 4.2 % annual birth - rate , could n't absorb another influx of refugees no matter how sympathetically it viewed their plight ",absorb,17,1,1
"Money managers who pattern their portfolios on this index usually buy the new additions , causing a flurry of activity and pumping up the price of the shares ",pump,21,1,1
"'' If Roger had purposely set out to destroy all morale in what was once the most confident and secure company going , he could n't have done a better job , '' Mr. Lee quotes an unnamed GM executive ",destroy,8,1,1
"Her daughter demanded that she keep silent , telling her , '' You wo n't have a home to sleep in if you say anything about this . '",sleep,19,1,1
"'' This issue touches all Californians -- it 's the biggest economic prop around -- and he 's got to deal with it , '' says Mervin Field , the non - partisan California pollster ",touch,3,1,1
"'' But it would be unusual for the appeals court to kick him out , since all the judges have to live with each other . '",kick,11,0,0
"Limited grew so quickly and was such a hit on Wall Street for so long '' that some of us thought it could escape the current fashion retail slump , but that is n't the case . '",escape,23,0,0
Others are drinking heavily ,drink,2,0,0
Some are trying to escape childhoods troubled by missing fathers or drug - addicted mothers ,miss,8,0,0
"Blacks who have quit white - run businesses say they do n't miss insults from whites who often did n't even realize they were insulting , or the edginess on the part of whites uncomfortable around blacks ",miss,12,0,0
"Among the hundreds of pages of affidavits and depositions filed by the SEC with a federal court in New York earlier this week are sworn statements by six of Mr. Wang 's colleagues in Morgan Stanley 's mergers and acquisitions department indicating that he was intimately familiar with much of their work , and sometimes may have pumped them for details ",pump,57,1,1
"In Washington , former Treasury Secretary James A. Baker and former Federal Reserve Board Chairman Paul A. Volcker , architects of the present flagging international debt strategy , have both stepped down ",step,30,1,1
"In a news conference on their first day in office , the executives said they plan '' to stick closely '' to the strategic direction of Mr. Marous 's predecessor , Douglas D. Danforth , who retired ",stick,18,1,1
"The pumps can be reprogrammed by telephone to alter dosages , and he says that one of his young patients recently resumed riding a bicycle ",ride,22,0,0
Pakistani cheating could prompt Moscow to declare the accords void or to attack Afghan - resistance camps in Pakistan ,attack,12,0,0
"Black & Decker Corp. stepped up pressure on American Standard Inc . , indicating that it might further sweeten its $ 65-a - share bid if financial information supports a higher figure ",step,4,1,1
"He did n't set a deadline for destroying PCBs , but said movable disposal units might be leased from the U.S. to help eliminate those stored in warehouses across the country ",destroy,7,0,0
"'' A German , '' said Mr. Bradford , '' is just not going to drink beer out of a can . '",drink,15,0,0
"In the letter , Tom Matthews , Eastern 's senior vice president of human resources , asked the mediation board to begin a 30-day countdown after which the machinists union would be free to strike -- and Eastern free to impose unilaterally the cost -- saving contract that it wants ",strike,34,0,0
"'' We have n't dug down to see '' what is missing , says Mr. Nelson ",miss,11,0,0
"With their boss routinely delving into the nuts and bolts of prospective projects -LRB- he likes to '' kick the tires , '' says a colleague -RRB- , Mr. Schwartz 's team of 20 people spends roughly two - thirds of their time analyzing alternative proposals ",kick,18,1,1
"Soybean seed sales skidded last spring in South Carolina , and dealers were forced to destroy tens of thousands of bags ",destroy,15,0,0
"'' The hot weather just about melted him away , '' Mr. Corbett says with a sigh ",melt,6,1,1
"It also said that 35 , 478 troops were wounded and that 311 remained missing in the Soviet Union 's battle with anti - Kabul Moslem insurgents ",miss,14,0,0
"Some of those arrested were dragged from buses that were to take them back to Managua ; others , such as 18-year - old Norman Lenin Cardoza -LRB- who denies ever attending the rally -RRB- and attorney Roger Guevara Mena , were arrested by state security police days later ",drag,5,0,0
"Two young women in the front seat were n't wearing belts , but escaped without permanent injuries ",escape,13,0,0
"Mr. Norris added that silver 's sharp fall can be attributed to a series of technical levels that it hit , touching off heavy selling by commodity funds ",touch,21,1,1
Mr. Marino said the the mechanism calls for debt service to be met from property and sales tax revenue that flows through the state comptroller 's office before being diverted to city coffers ,flow,20,1,1
"Currently , the company is fixing only 200 to 300 units a day , far below TRW 's goal of 2 , 000 units a day ",fix,5,0,0
"About 80 separate documents had to be filled out , many of them in an effort to reassure institutional money managers about the company 's credit - worthiness and prospects , Mr. Koch says , adding , '' There were times I wanted to kill . '",fill,7,0,0
"Dave Hoover rolls his 400-pound minijet above the air - show crowd , swooping to within a dozen feet of the runway and popping his landing gear in and out ",roll,2,0,0
"But as most of those certificates are destroyed in favor of computer records , the investor who requests a certificate will have to wait until it 's delivered by the city or state that issued the bond ",destroy,7,0,0
"What they are pushing is elimination or weakening of cost - of - living clauses , greater links between compensation and corporate performance , and more emphasis on lump - sum payments that do n't step up the wage base ",step,35,1,1
"In the classic model , a bull market flourishes when money flows into the market ",flourish,8,0,0
"In late June , for example , a group that included Teddy Roosevelt 's great - great - granddaughter stood down some bulldozers trying to plow a road through a moor near the island village of Siasconset ",plow,25,0,0
"Mr. Grauer added , '' The commission totally missed the point ",miss,8,0,0
We told you the truth and we stepped up to those issues . ',step,7,1,1
"At age eight , he wrote a story about people , somewhere far away , who ate stars hatched from purple pebbles ",eat,16,1,1
Phalanx can be overwhelmed when a ship is attacked by several missiles at once -LRB- the Stark was struck by two Exocets -RRB- ,strike,18,0,0
"Major retailers have become very good at playing competing manufacturers against one another to obtain free display fixtures , cooperative advertising , extended payment terms and other concessions , as well as price discounts , he said ",play,7,1,1
"Coincidence perhaps , but within 48 hours , Ms. Fox says , it rained here ",rain,13,1,1
Then he drop - kicked the ball through some goal posts about 50 yards distant ,kick,4,0,0
"When it finally rained , it was a letdown . '",rain,3,1,1
"Neither man is currently a government official , but the idea of a reprise of Mr. Kissinger 's famed opening to China in the early 1970s is so tantalizing that the rumor refuses to die ",die,34,1,1
Cautious bureaucrats drag their feet while progressive colleagues and scientists urge reform ,drag,2,1,1
"The upper classes do not take food or water from them nor sit , eat or drink with them ",drink,16,1,1
"Thus , Japanese companies would have to fight it out with foreign rivals that are targeting the same niche , including Fokker B.V. of the Netherlands , British Aerospace PLC , MBB and Boeing ",target,15,0,0
"But when the rangers drove the girls to the ranger station , the unattended youth sped away , drank heavily , and 10 hours later smashed into a motorcyclist ",drink,4,0,0
The shelling killed two people in his kibbutz ,kill,2,0,0
Reserving enables banks to absorb losses on bad credits ,absorb,4,0,0
"Its theme -- Peter dragging Russia out of the dank Dark Ages -- is vast and lofty , and perhaps only a man who dreamed and drank too much would have had the gumption to cut so wide and deep a swath into the heart of Russia ",drink,26,0,0
NASA partisans blame the administration for allowing the civilian space agency to drift and deteriorate through the 1980s while pouring vast sums into the Pentagon ,pour,19,1,1
"Perhaps the Logan regulators have made themselves a bed they can not sleep in , suggests Mr. Smith : '' An ideology of radical egalitarianism that sees people as uniform blocks of mud is what gives you the idea that 200 scouts are better than two CEOs . '",sleep,12,1,1
He said he hoped the new exam would help put to rest recurring charges by teacher unions and others that existing teacher tests do n't accurately assess classroom skills and are unfair to minorities ,rest,11,1,1
"Like many recent LBOs gone public , however , Days Inns had begun to wither even before the market crash , as investor interest in small issues began to wane ",wither,14,0,0
Dollars flowed from automated teller machines ,flow,1,0,0
"Smaller , more precise probes were developed that researchers hoped would home in on the missing DNA bit and , possibly , the DMD gene itself ",miss,15,0,0
"When a New York magazine confronted Wasserstein Perella with an as - yet - unpublished unflattering story about the new firm , Wasserstein Perella officials suspected First Boston of planting it ",plant,29,0,0
"Together they strike back , forming a company to produce clothes for the senior - citizen set ",strike,2,0,0
"If he and the Senate differ sharply on the answers , the treaties probably will die in the Senate , and the setback to U.S.Soviet relations will be severe ",die,15,0,0
"In light of all this , you might expect the government here to pour millions into science ",pour,13,1,1
"He now says that specialty retailing fills the bill , but he made a number of profitable forays in the meantime ",fill,6,1,1
"Big technology stocks , hit hard by yesterday 's downturn on Wall Street , dragged down the main over - the - counter market indicators ",drag,14,1,1
"On Friday , Commander Abdul Haq 's troops attacked Kabul Airport with new Sacher incendiary rockets ",attack,8,0,0
"The revolutionary gallium arsenide circuits used in a forthcoming model , the Cray-3 , experienced cooling problems that resulted in millions of dollars of added costs ",cool,15,0,0
The low pressure causes liquid in the arm to evaporate and to be pulled into the pipe ,evaporate,9,0,0
"In addition to warning pilots when they hit unexpected , low - altitude wind shear , the new required equipment will provide the crew with computer - generated instructions on the best path to take to escape the wind shear ",escape,36,0,0
"Several Wall Street investment bankers said clients have instructed them to examine the feasibility of topping the Swiss giant 's bid , but emphasized that interest so far is preliminary ",examine,11,0,0
"China poured tens of thousands of dollars into producing the country 's first batch of U.S .- trained M.B.A.s , including Mr. Wang ",pour,1,1,1
"In short , a completely effective SDI would give the Soviets what they do not now have : the ability to strike the U.S. without fear of retaliation ",strike,21,0,0
"In this nervous , jumpy world economic reality matters less than the rumors and out - of - context scraps of information that pour into the trading rooms ",pour,23,0,0
"The GAO was also to examine if the law has caused excessive red tape for employers , and if the law is being implemented well ",examine,5,1,1
"There was no immediate claim of responsibility , but police said the bomb was probably planted by Sinhalese extremists in retaliation for the restaurant owner 's defiance of a call for a general strike ",plant,15,1,1
"This weapon could be extremely powerful , perhaps ideal for the European battlefield -- simply put attacking troops to sleep ",sleep,19,1,1
"'' Cold water has been poured on the market and any advance has been stopped dead in its tracks , '' one dealer said ",pour,5,1,1
Whether that should be welcome news or cause for alarm depends on one 's confidence in the ability of Congress to write rules for markets without destroying them ,destroy,26,0,0
'' We 're going to keep attacking . ',attack,6,0,0
"In 1985 and 1986 , when pictures of rioting blacks and rampaging white policemen filled television screens around the world , the perception was that South Africa 's white - dominated government was losing its grip ",fill,14,1,1
"In the third '' mansion , '' the lascivious emperor , Diocletian -LRB- Patrick Dupond -RRB- , dances a pas de deux with the youth and then repeats it , almost step for step , with the queen ",dance,17,0,0
"Winos will drink anything if need be , but when they have the money to buy what they want , they tend to hew to the familiar . -LRB- Sales resistance may help explain why the handful of low - end products that companies have tried to launch in the past 20 years mostly have bombed . -RRB-/-R",drink,2,0,0
"Arden L. Bement Jr . , vice president , technical resources , of TRW Inc . , was named a director of this maker of electronic test and measurement instruments , filling a vacancy ",fill,31,0,0
Coke is even directly attacking coffee 's breakfast appeal with radio ads urging people to drink something cold to come '' alive in the morning . ',drink,15,0,0
"Stones are laid close together , generally slanting inward , with each stone touching as many others as possible ",touch,13,0,0
"Pressure mounted on Pakistan to sign an accord aimed at securing the withdrawal of about 115 , 000 Soviet troops from neighboring Afghanistan , but Islamabad appeared to be sticking to its demand for a new government in Kabul to oversee the pullout ",stick,29,1,1
"When the baby drops a rattle , Mr. Prentnieks scoops it up and puts it in the baby 's fist -- still listening to Mr. Jackson 's speech with his camera rolling ",roll,3,0,0
A revenue passenger mile is one paying passenger flown one mile ,fly,8,0,0
"Here in Masaya , supporters of a group known as the Mothers of Political Prisoners were brutally attacked by turbas in a well - documented incident in March ",attack,17,0,0
"The clash of goals is rare in postwar Japan , where consensus has enabled banks and industry to flourish ",flourish,18,1,1
"Koversada , maybe humanity 's greatest undraped conurbation , sleeps more than 100 , 000 ",sleep,9,0,0
"A purported $ 16-a - share offer for Superior Industries International Inc. evaporated yesterday after a flurry of activity in which one supposed player , Prudential - Bache Securities Inc . , denied it had authorized such a buy - out offer ",evaporate,12,1,1
"Last Tuesday , a federal jury in Akron , Ohio said it could n't identify a defect that could have caused an Audi 5000 to suddenly accelerate in an accident that killed a six - year - old boy ",kill,31,0,0
"Here in Masaya , supporters of a group known as the Mothers of Political Prisoners were brutally attacked by turbas in a well - documented incident in March ",attack,17,0,0
"The storm killed about 100 people on land , and left more than 100 , 000 homeless ",kill,2,1,1
"'' While physicians should never directly cause death , they must always act in the best interest of their patients and that sometimes includes allowing them to die , '' Dr. Sammons said in a statement ",die,27,0,0
"Thus , while government officials concede apartheid must die , they ca n't bring themselves to kill it ",die,8,1,1
"Elise holds out empty arms , pleading with Andrew to fill them , but the chasm is too wide , the distance traveled in different directions too great ",fill,10,1,1
Texas Air said the sale of the hourly New York - Boston - Washington shuttle is intended to pump cash into long - ailing Eastern ,pump,18,1,1
Thousands of Chinese soccer fans battled police and besieged a rival team 's hotel during a riot Monday night ,besiege,8,0,0
"'' We are beginning to ride the same boat as the U.S . , '' says Yasuo Hayashi , the director of the Ministry of International Trade and Industry 's textile division ",ride,5,0,0
"Richard Boyle , vice chairman of Chase Manhattan Corp . , avoids serious business when eating in with staffers ; '' I do n't want to give people indigestion , '' he explains ",eat,15,1,1
